{"Google": {"youtube.com": 0.3202563076101743, "www.youtube.com": 0.2553769592276246, "fonts.googleapis.com": 0.4743416490252569, "fonts.gstatic.com": 0.2886751345948129, "googleads.g.doubleclick.net": 0.3746343246326776, "yt3.ggpht.com": 0.3481553119113957, "www.google.com": 0.447213595499958, "www.google.com.pk": 0.33333333333333337, "static.doubleclick.net": 0.3481553119113957, "www.gstatic.com": 0.5000000000000001, "ad.doubleclick.net": 0.4008918628686366, "adservice.google.com": 0.4472135954999579, "securepubads.g.doubleclick.net": 0.41602514716892186, "accounts.google.com": 0.45226701686664544, "www.google-analytics.com": 0.41602514716892186, "ssl.gstatic.com": 0.30151134457776363, "storage.googleapis.com": 0.6793662204867575, "www.snapengage.com": 0.5163977794943222, "www.googletagmanager.com": 0.3086066999241839, "10499192.fls.doubleclick.net": 0.33333333333333337, "a.et.nytimes.com": 0.3086066999241839, "purr.nytimes.com": 0.3202563076101743, "a.nytimes.com": 0.3481553119113957, "cm.g.doubleclick.net": 0.3651483716701107, "news.google.com": 0.3333333333333333, "stats.g.doubleclick.net": 0.4008918628686366, "5290727.fls.doubleclick.net": 0.49613893835683387, "maps.googleapis.com": 0.47809144373375745, "2549153.fls.doubleclick.net": 0.41602514716892186, "4721227.fls.doubleclick.net": 0.2773500981126146, "analytics.google.com": 0.41602514716892186, "1996823.fls.doubleclick.net": 0.33333333333333337, "8344993.fls.doubleclick.net": 0.5, "ajax.googleapis.com": 0.49613893835683387}, "unknown": {"www.googletagservices.com": 0.468292905790847, "www.googleadservices.com": 0.5500190982169267, "dcf.espn.com": 0.0, "sw88.espn.com": 0.0, "site.web.api.espn.com": 1.0, "tredir.espn.com": 1.0, "fan.api.espn.com": 1.0, "onefeed.fan.api.espn.com": 1.0, "px.ads.linkedin.com": 0.5773502691896258, "bs.serving-sys.com": 0.0, "aax-eu.amazon-adsystem.com": 0.7071067811865475, "lpcdn.lpsnmedia.net": 0.7071067811865475, "va.v.liveperson.net": 1.0, "web.vortex.data.microsoft.com": 0.4472135954999579, "als-svc.nytimes.com": 0.7071067811865475, "tags.spotify.com": 1.0, "backstory.ebay.com": 1.0000000000000002}, "Amazon CloudFront": {"www.amazon.com": 0.0, "c.amazon-adsystem.com": 0.0, "static.twitchcdn.net": 0.0, "static-cdn.jtvnw.net": 0.0, "app.link": 0.0, "cdn-gl.imrworldwide.com": 0.0, "api2.branch.io": 0.0, "c9f9stqsthexzbgglhltdfzrfpdgr1609177444.nuid.imrworldwide.com": 0.18650096164806276, "d2v02itv0y9u9t.cloudfront.net": 0.08770580193070293, "espn.com": 0.0, "www.espn.com": 0.0, "www.espn.in": 0.0, "static.chartbeat.com": 0.0, "get.s-onetag.com": 0.0, "geo.ngtv.io": 0.0, "cdn.boomtrain.com": 0.0, "beacon.s-onetag.com": 0.0, "onetag-geo.s-onetag.com": 0.0, "onetag-geo-grouping.s-onetag.com": 0.0, "cdn.ml314.com": 0.0, "cdn.segment.com": 0.09805806756909202, "rules.quantcount.com": 0.0944911182523068, "static-assets.fs.liveperson.com": 0.0, "marketing.dropbox.com": 0.0, "snapengage.dropbox.com": 0.08944271909999159, "rumcdn.geoedge.be": 0.0, "dd.nytimes.com": 0.0, "d10lpsik1i8c69.cloudfront.net": 0.0, "api.company-target.com": 0.0, "www.imdb.com": 0.08770580193070293, "zillow.com": 0.10425720702853739, "www.zillow.com": 0.0, "www.zillowstatic.com": 0.0, "cdn.appdynamics.com": 0.0, "sc-static.net": 0.0, "js.adsrvr.org": 0.0, "uxfabric.intuitcdn.net": 0.0, "segment.intuitcdn.net": 0.0, "privacy-policy.truste.com": 0.0, "cdn.decibelinsight.net": 0.0, "cdn.websdk.intuit.com": 0.09759000729485333, "d3fw5vlhllyvee.cloudfront.net": 0.0, "d3hbwax96mbv6t.cloudfront.net": 0.0, "quantcast.mgr.consensu.org": 0.0, "test.quantcast.mgr.consensu.org": 0.0, "certify-js.alexametrics.com": 0.0, "tagan.adlightning.com": 0.0, "cdn-a.yieldlove.com": 0.0, "certify.alexametrics.com": 0.0}, "Fastly": {"m.media-amazon.com": 0.0, "platform.twitter.com": 0.0, "images-na.ssl-images-amazon.com": 0.3651483716701107, "www.reddit.com": 0.140028008402801, "www.redditstatic.com": 0.0, "a.thumbs.redditmedia.com": 0.0, "preview.redd.it": 0.14907119849998599, "b.thumbs.redditmedia.com": 0.14907119849998599, "styles.redditmedia.com": 0.140028008402801, "ir.ebaystatic.com": 0.0, "www.twitch.tv": 0.18257418583505533, "gql.twitch.tv": 0.18257418583505533, "api.twitch.tv": 0.18257418583505533, "mab.chartbeat.com": 0.0, "www.cnn.com": 0.0, "edition.i.cdn.cnn.com": 0.0, "data.cnn.com": 0.0, "www.i.cdn.cnn.com": 0.0, "static.ads-twitter.com": 0.1889822365046136, "publisher.liveperson.net": 0.0, "cdn.krxd.net": 0.0, "consumer.krxd.net": 0.0, "www.nytimes.com": 0.0, "g1.nyt.com": 0.0, "static01.nyt.com": 0.0, "samizdat-graphql.nytimes.com": 0.0, "vp.nyt.com": 0.0, "content.api.nytimes.com": 0.0, "a1.nyt.com": 0.0, "sync-tm.everesttech.net": 0.0, "mwcm.nytimes.com": 0.0, "fast.wistia.com": 0.14433756729740646, "js-agent.newrelic.com": 0.13608276348795434, "ia.media-imdb.com": 0.0, "captcha.px-cdn.net": 0.0, "www.scdn.co": 0.3086066999241839, "country-flags.scdn.co": 0.29814239699997197, "sp-bootstrap.spotifycdn.com": 0.3086066999241839, "pt.ispot.tv": 0.13608276348795434, "img.img-taboola.com": 0.140028008402801, "s.imgur.com": 0.16012815380508716, "api.imgur.com": 0.29814239699997197, "i.imgur.com": 0.18257418583505533}, "Akamai": {"secure.espn.com": 0.0, "sb.scorecardresearch.com": 0.0, "cdn.registerdisney.go.com": 0.0, "secureir.ebaystatic.com": 0.07352146220938077, "contextual.media.net": 0.0, "cdnapac-xch.media.net": 0.0, "stags.bluekai.com": 0.0, "www.ebay.com": 0.0, "ow2.res.office365.com": 0.0, "img-prod-cms-rt-microsoft-com.akamaized.net": 0.0, "statics-marketingsites-eas-ms-com.akamaized.net": 0.0, "www.microsoft.com": 0.0, "blobs.officehome.msocdn.com": 0.0, "mem.gfx.ms": 0.0, "c.s-microsoft.com": 0.0, "static.chasecdn.com": 0.0, "a.espncdn.com": 0.0, "a1.espncdn.com": 0.0, "a4.espncdn.com": 0.0, "a2.espncdn.com": 0.0}, "Facebook": {"www.facebook.com": 0.5303300858899106}}